,,,CHASE THE ACE TRACKER,,,,ONLY ALTER THE YELLOW CELLS,,,
EVENT,DRAW DATE,DRAW DAY,CARDS FLIPPED,WINNING CHANCE %,COMMENT,JACKPOT + $100 ,WINNING TICKET NUMBER,NAME OF WINNER (if known),CARD DRAWN,STAFF SIGN 
1,29/09/2026,TUESDAY,0,0.00%,,$200.00,N/A,N/A,N/A,BIANCA
2,03/10/2026,SATURDAY,0,0.00%,,$100.00,N/A,N/A,N/A,ROB
3,06/10/2026,TUESDAY,0,0,,$100.00,N/A,N/A,N/A,
4,10/10/2026,SATURDAY,1,1.92%,GAME START $500,,N/A,N/A,N/A,
5,13/10/2026,TUESDAY,2,1.96%,,,,,,
6,17/10/2026,SATURDAY,3,2.00%,,,,,,
7,20/10/2026,TUESDAY,4,2.04%,,,,,,
8,24/10/2026,SATURDAY,5,2.08%,,,,,,
9,27/10/2026,TUESDAY,6,2.13%,,,,,,
10,31/10/2026,SATURDAY,7,2.17%,,,,,,
11,03/11/2026,TUESDAY,8,2.22%,,,,,,
12,07/11/2026,SATURDAY,9,2.27%,,,,,,
13,10/11/2026,TUESDAY,10,2.33%,,,,,,
14,14/11/2026,SATURDAY,11,2.38%,,,,,,
15,17/11/2026,TUESDAY,12,2.44%,,,,,,
16,21/11/2026,SATURDAY,13,2.50%,,,,,,
17,24/11/2026,TUESDAY,14,2.56%,,,,,,
18,28/11/2026,SATURDAY,15,2.63%,,,,,,
19,01/12/2026,TUESDAY,16,2.70%,,,,,,
20,05/12/2026,SATURDAY,17,2.78%,,,,,,
21,08/12/2026,TUESDAY,18,2.86%,,,,,,
22,12/12/2026,SATURDAY,19,2.94%,,,,,,
23,15/12/2026,TUESDAY,20,3.03%,,,,,,
24,19/12/2026,SATURDAY,21,3.13%,,,,,,
25,22/12/2026,TUESDAY,22,3.23%,,,,,,
26,26/12/2026,SATURDAY,23,3.33%,,,,,,
27,29/12/2026,TUESDAY,24,3.45%,,,,,,
28,02/01/2027,SATURDAY,25,3.57%,,,,,,
29,05/01/2027,TUESDAY,26,3.70%,,,,,,
30,09/01/2027,SATURDAY,27,3.85%,,,,,,
31,12/01/2027,TUESDAY,28,4.00%,,,,,,
32,16/01/2027,SATURDAY,29,4.17%,,,,,,
33,19/01/2027,TUESDAY,30,4.35%,,,,,,
34,23/01/2027,SATURDAY,31,4.55%,,,,,,
35,26/01/2027,TUESDAY,32,4.76%,,,,,,
36,30/01/2027,SATURDAY,33,5.00%,,,,,,
37,02/02/2027,TUESDAY,34,5.26%,,,,,,
38,06/02/2027,SATURDAY,35,5.56%,,,,,,
39,09/02/2027,TUESDAY,36,5.88%,,,,,,
40,13/02/2027,SATURDAY,37,6.25%,,,,,,
41,16/02/2027,TUESDAY,38,6.67%,,,,,,
42,20/02/2027,SATURDAY,39,7.14%,,,,,,
43,23/02/2027,TUESDAY,40,7.69%,,,,,,
44,27/02/2027,SATURDAY,41,8.33%,,,,,,
45,02/03/2027,TUESDAY,42,9.09%,,,,,,
46,06/03/2027,SATURDAY,43,10.00%,,,,,,
47,09/03/2027,TUESDAY,44,11.11%,,,,,,
48,13/03/2027,SATURDAY,45,12.50%,,,,,,
49,16/03/2027,TUESDAY,46,14.29%,,,,,,
50,20/03/2027,SATURDAY,47,16.67%,,,,,,
51,23/03/2027,TUESDAY,48,20.00%,,,,,,
52,27/03/2027,SATURDAY,49,25.00%,,,,,,
53,30/03/2027,TUESDAY,50,33.33%,$5000 MAX,,,,,
54,03/04/2027,SATURDAY,51,50.00%,$5000 MAX,,,,,
55,06/04/2027,TUESDAY,52,100.00%,$5000 MAX,,,,,
56,10/04/2027,SATURDAY,53,#DIV/0!,$5000 MAX,,,,,
,,,,,JACKPOT TOTAL:,$400.00,,,,