,,CHASE THE ACE TRACKER,,,ONLY ALTER THE YELLOW CELLS,,,,,
EVENT,DRAW DATE,DRAW DAY,CARDS FLIPPED,WINNING CHANCE %,COMMENT,JACKPOT + $100 ,WINNING TICKET NUMBER,NAME OF WINNER (if known),CARD DRAWN,STAFF SIGN 
1,29/09/2026,TUESDAY,0,0.00%,,$100.00,N/A,N/A,N/A,BIANCA
2,03/10/2026,SATURDAY,0,0.00%,,$100.00,N/A,N/A,N/A,ROB
3,06/10/2026,TUESDAY,0,0.00%,,,N/A,N/A,N/A,
4,10/10/2026,SATURDAY,0,0.00%,,,N/A,N/A,N/A,
5,13/10/2026,TUESDAY,1,1.92%,GAME START $500,,,,,
6,17/10/2026,SATURDAY,2,1.96%,,,,,,
7,20/10/2026,TUESDAY,3,2.00%,,,,,,
8,24/10/2026,SATURDAY,4,2.04%,,,,,,
9,27/10/2026,TUESDAY,5,2.08%,,,,,,
10,31/10/2026,SATURDAY,6,2.13%,,,,,,
11,03/11/2026,TUESDAY,7,2.17%,,,,,,
12,07/11/2026,SATURDAY,8,2.22%,,,,,,
13,10/11/2026,TUESDAY,9,2.27%,,,,,,
14,14/11/2026,SATURDAY,10,2.33%,,,,,,
15,17/11/2026,TUESDAY,11,2.38%,,,,,,
16,21/11/2026,SATURDAY,12,2.44%,,,,,,
17,24/11/2026,TUESDAY,13,2.50%,,,,,,
18,28/11/2026,SATURDAY,14,2.56%,,,,,,
19,01/12/2026,TUESDAY,15,2.63%,,,,,,
20,05/12/2026,SATURDAY,16,2.70%,,,,,,
21,08/12/2026,TUESDAY,17,2.78%,,,,,,
22,12/12/2026,SATURDAY,18,2.86%,,,,,,
23,15/12/2026,TUESDAY,19,2.94%,,,,,,
24,19/12/2026,SATURDAY,20,3.03%,,,,,,
25,22/12/2026,TUESDAY,21,3.13%,,,,,,
26,26/12/2026,SATURDAY,22,3.23%,,,,,,
27,29/12/2026,TUESDAY,23,3.33%,,,,,,
28,02/01/2027,SATURDAY,24,3.45%,,,,,,
29,05/01/2027,TUESDAY,25,3.57%,,,,,,
30,09/01/2027,SATURDAY,26,3.70%,,,,,,
31,12/01/2027,TUESDAY,27,3.85%,,,,,,
32,16/01/2027,SATURDAY,28,4.00%,,,,,,
33,19/01/2027,TUESDAY,29,4.17%,,,,,,
34,23/01/2027,SATURDAY,30,4.35%,,,,,,
35,26/01/2027,TUESDAY,31,4.55%,,,,,,
36,30/01/2027,SATURDAY,32,4.76%,,,,,,
37,02/02/2027,TUESDAY,33,5.00%,,,,,,
38,06/02/2027,SATURDAY,34,5.26%,,,,,,
39,09/02/2027,TUESDAY,35,5.56%,,,,,,
40,13/02/2027,SATURDAY,36,5.88%,,,,,,
41,16/02/2027,TUESDAY,37,6.25%,,,,,,
42,20/02/2027,SATURDAY,38,6.67%,,,,,,
43,23/02/2027,TUESDAY,39,7.14%,,,,,,
44,27/02/2027,SATURDAY,40,7.69%,,,,,,
45,02/03/2027,TUESDAY,41,8.33%,,,,,,
46,06/03/2027,SATURDAY,42,9.09%,,,,,,
47,09/03/2027,TUESDAY,43,10.00%,,,,,,
48,13/03/2027,SATURDAY,44,11.11%,,,,,,
49,16/03/2027,TUESDAY,45,12.50%,,,,,,
50,20/03/2027,SATURDAY,46,14.29%,,,,,,
51,23/03/2027,TUESDAY,47,16.67%,,,,,,
52,27/03/2027,SATURDAY,48,20.00%,,,,,,
53,30/03/2027,TUESDAY,49,25.00%,,,,,,
54,03/04/2027,SATURDAY,50,33.33%,$5000 MAX,,,,,
55,06/04/2027,TUESDAY,51,50.00%,$5000 MAX,,,,,
56,10/04/2027,SATURDAY,52,100.00%,$5000 MAX,,,,,
,,,,,JACKPOT TOTAL:,$200.00,,,,